上海交通大学,上海
上海外国语大学,上海
上海大学,上海
上海社会科学院,上海
上海财经大学,上海
东北农业大学,黑龙江
东北大学,辽宁
东北师范大学,吉林
东北林业大学,黑龙江
东华大学,上海
东南大学,江苏
中南大学,湖南
中南财经政法大学,湖北
中国中医科学院,北京
中国人民大学,北京
中国传媒大学,北京
中国农业大学,北京
中国农业科学院,北京
中国地质大学,北京
中国地震局,北京
中国政法大学,北京
中国林业科学研究院,北京
中国水利水电科学研究院,北京
中国海洋大学,山东
中国石油大学,北京
中国矿业大学,湖北
中国社会科学院,北京
中国科学技术大学,安徽
中国科学院大学,北京
中国药科大学,江苏
中央民族大学,北京
中央美术学院,北京
中央财经大学,北京
中央音乐学院,北京
中山大学,广东
中科院研究单位,北京
兰州大学,甘肃
内蒙古大学,内蒙古
北京中医药大学,北京
北京交通大学,北京
北京体育大学,北京
北京化工大学,北京
北京协和医学院,北京
北京大学,北京
北京工业大学,北京
北京师范大学,北京
北京林业大学,北京
北京理工大学,北京
北京生命科学研究所,北京
北京科技大学,北京
北京航空航天大学,北京
北京邮电大学,北京
华东师范大学,上海
华东理工大学,上海
华中农业大学,湖北
华中师范大学,湖北
华中科技大学,湖北
华北电力大学,北京
华南师范大学,广东
华南理工大学,广东
南京农业大学,江苏
南京大学,江苏
南京师范大学,江苏
南京理工大学,江苏
南京航空航天大学,江苏
南开大学,天津
南昌大学,江西
厦门大学,福建
台湾交通大学,台湾
台湾大学,台湾
台湾清华大学,台湾
吉林大学,吉林
同济大学,上海
哈尔滨工业大学,黑龙江
哈尔滨工程大学,黑龙江
四川农业大学,四川
四川大学,四川
复旦大学,上海
大连海事大学,辽宁
大连理工大学,辽宁
天津医科大学,天津
天津大学,天津
天津财经大学,天津
太原理工大学,山西
安徽大学,安徽
对外经贸大学,北京
山东大学,山东
延边大学,吉林
新疆大学,新疆
暨南大学,广东
武汉大学,湖北
武汉理工大学,湖北
江南大学,江苏
河北工业大学,河北
河海大学,江苏
浙江大学,浙江
海南大学,海南
清华大学,北京
湖南大学,湖南
湖南师范大学,湖南
澳门大学,澳门
澳门科技大学,澳门
电子科技大学,四川
石河子大学,新疆
福州大学,福建
西北农林科技大学,陕西
西北大学,陕西
西北工业大学,陕西
西南大学,重庆
西南财经大学,四川
西安交通大学,陕西
西安电子科大,陕西
西藏大学,西藏
辽宁大学,辽宁
郑州大学,河南
重庆大学,重庆
长安大学,陕西
陕西师范大学,陕西
香港中文大学,香港
香港城市大学,香港
香港大学,香港
香港浸会大学,香港
香港理工大学,香港
香港科技大学,香港
